{"count":7,"results":[{"id":1,"name":"Osint 1","description":"B\u1ea1n c\u00f3 th\u1ec3 \u0111o\u00e1n ra \u0111\u01b0\u1ee3c \u0111\u00e2y l\u00e0 t\u00f2a nh\u00e0 n\u00e0o \u1edf FPT c\u01a1 s\u1edf hola kh\u00f4ng?\r\n\r\nFlag format: EHC{toa_nao}\r\n\r\nV\u00ed d\u1ee5, n\u1ebfu b\u1ea1n t\u00ecm \u0111\u01b0\u1ee3c t\u00f2a nh\u00e0 \u0111\u00f3 l\u00e0 alpha, th\u00ec flag (hay c\u00e2u tr\u1ea3 l\u1eddi) s\u1ebd l\u00e0 EHC{toa_alpha}\r\n\r\n<img src=\"https://raw.githubusercontent.com/ductohno/ctfd/refs/heads/main/TechFest2025/FPTU/images/FPTU_Osint1.jpg\" width=\"425\" height=auto />","max_attempts":0,"value":500,"category":"FPTU","type":"standard","state":"visible","requirements":null,"connection_info":null,"next_id":null,"attribution":null},{"id":3,"name":"Osint 2","description":"Trong khu\u00f4n vi\u00ean m\u1ed9t tr\u01b0\u1eddng \u0111\u1ea1i h\u1ecdc n\u1ed5i ti\u1ebfng, c\u00f3 m\u1ed9t b\u1ea3n sao c\u1ee7a b\u1ee9c t\u01b0\u1ee3ng n\u1ed5i ti\u1ebfng to\u00e0n c\u1ea7u. Tuy nhi\u00ean, th\u00f4ng tin tr\u00ean t\u1ea5m bi\u1ec3n g\u1eafn d\u01b0\u1edbi ch\u00e2n t\u01b0\u1ee3ng \u0111\u00e3 b\u1ecb l\u00e0m m\u1edd trong \u1ea3nh.\r\n\r\nNhi\u1ec7m v\u1ee5 c\u1ee7a b\u1ea1n l\u00e0 x\u00e1c \u0111\u1ecbnh t\u00ean \u0111\u01b0\u1ee3c kh\u1eafc tr\u00ean t\u1ea5m bi\u1ec3n n\u00e0y.\r\nG\u1ee3i \u00fd: H\u00e3y t\u1eadn d\u1ee5ng s\u1ee9c m\u1ea1nh c\u1ee7a Internet, b\u1ea3n \u0111\u1ed3 v\u00e0 c\u00e1c c\u00f4ng c\u1ee5 OSINT.\r\n\r\nFlag format: EHC{t\u00ean_kh\u1eafc_tr\u00ean_t\u1ea5m_bi\u1ec3n}\r\n\r\nV\u00ed d\u1ee5, n\u1ebfu b\u1ea1n t\u00ecm \u0111\u01b0\u1ee3c c\u00e2u tr\u1ea3 l\u1eddi l\u00e0 Statue of Liberty, th\u00ec c\u00e2u tr\u1ea3 l\u1eddi s\u1ebd l\u00e0 EHC{statue_of_liberty}\r\n\r\n<img src=\"https://raw.githubusercontent.com/ductohno/ctfd/refs/heads/main/TechFest2025/FPTU/images/FPTU_Osint2.jpg\" width=\"425\" height=auto>","max_attempts":0,"value":500,"category":"FPTU","type":"standard","state":"visible","requirements":null,"connection_info":null,"next_id":null,"attribution":null},{"id":4,"name":"Osint 3","description":"G\u1ea7n \u0111\u00e2y, \u0111\u1ea1i h\u1ecdc FPTU H\u00e0 N\u1ed9i c\u00f3 t\u1ed5 ch\u1ee9c 1 cu\u1ed9c thi t\u00ean l\u00e0 FPTU AI & Robotics Challenge 2025. Trong qu\u00e1 tr\u00ecnh \u0111i d\u1ea1o, b\u1ea1n Nam \u0111\u00e3 b\u1eaft g\u1eb7p 1 t\u1ea5m poster qu\u1ea3ng c\u00e1o cho s\u1ef1 ki\u1ec7n. Tuy nhi\u00ean, do 1 v\u00e0i nguy\u00ean nh\u00e2n kh\u00f4ng x\u00e1c \u0111\u1ecbnh, t\u1ea5m poster \u0111\u00f3 \u0111\u00e3 b\u1ecb m\u1ea5t ph\u1ea7n ng\u00e0y th\u00e1ng n\u0103m. B\u1ea1n h\u00e3y gi\u00fap Nam t\u00ecm \u0111\u01b0\u1ee3c ng\u00e0y th\u00e1ng n\u0103m ch\u00ednh x\u00e1c \u0111\u01b0\u1ee3c in tr\u00ean t\u1ea5m poster n\u00e0y nh\u00e9.\r\n\r\nFlag format EHC{ng\u00e0y-th\u00e1ng-n\u0103m-b\u1eaft-\u0111\u1ea7u_ng\u00e0y-th\u00e1ng-n\u0103m-k\u1ebft-th\u00fac}\r\n\r\nV\u00ed d\u1ee5: N\u1ebfu b\u1ea1n t\u00ecm \u0111\u01b0\u1ee3c tr\u00ean t\u1ea5m poster \u0111\u00f3 c\u00f3 ghi l\u00e0 **July 12-13, 2025**, th\u00ec flag s\u1ebd l\u00e0 EHC{12-07-2025_13-07-2025}\r\n\r\n<img src=\"https://raw.githubusercontent.com/ductohno/ctfd/refs/heads/main/TechFest2025/FPTU/images/FPTU_Osint3.jpg\" width=\"425\" height=auto/>","max_attempts":0,"value":500,"category":"FPTU","type":"standard","state":"visible","requirements":null,"connection_info":null,"next_id":null,"attribution":null},{"id":5,"name":"Introduction to OSINT","description":"OSINT l\u00e0 g\u00ec?  OSINT, vi\u1ebft t\u1eaft c\u1ee7a Open Source Intelligence, l\u00e0 qu\u00e1 tr\u00ecnh thu th\u1eadp v\u00e0 ph\u00e2n t\u00edch th\u00f4ng tin t\u1eeb c\u00e1c ngu\u1ed3n m\u1edf, c\u00f4ng khai \u0111\u1ec3 ph\u1ee5c v\u1ee5 cho c\u00e1c m\u1ee5c \u0111\u00edch t\u00ecnh b\u00e1o, \u0111i\u1ec1u tra ho\u1eb7c nghi\u00ean c\u1ee9u. N\u00f3i c\u00e1ch kh\u00e1c, OSINT t\u1eadn d\u1ee5ng c\u00e1c d\u1eef li\u1ec7u c\u00f3 s\u1eb5n cho m\u1ecdi ng\u01b0\u1eddi \u0111\u1ec3 t\u00ecm hi\u1ec3u v\u1ec1 m\u1ed9t \u0111\u1ed1i t\u01b0\u1ee3ng, s\u1ef1 ki\u1ec7n ho\u1eb7c v\u1ea5n \u0111\u1ec1 n\u00e0o \u0111\u00f3. \r\n\r\nTrong chu\u1ed7i th\u1eed th\u00e1ch n\u00e0y, khi b\u1ea1n t\u00ecm th\u1ea5y c\u00e2u tr\u1ea3 l\u1eddi, th\u00ec b\u1ea1n s\u1ebd nh\u1eadp flag, hay c\u00f2n g\u1ecdi l\u00e0 c\u1edd. Flag l\u00e0 1 chu\u1ed7i k\u00ed t\u1ef1 \u0111\u1eb7c bi\u1ec7t, \u0111\u01b0\u1ee3c \u0111\u1ecbnh d\u1ea1ng t\u00f9y theo ban t\u1ed5 ch\u1ee9c. Flag d\u00f9ng \u0111\u1ec3 ch\u1ee9ng minh r\u1eb1ng b\u1ea1n \u0111\u00e3 gi\u1ea3i xong \u0111\u1ec1. Ch\u00fang s\u1ebd \u0111\u01b0\u1ee3c gi\u1ea3i th\u00edch chi ti\u1ebft \u1edf t\u1eebng \u0111\u1ec1.\r\n\r\nNh\u1eadp flag sau \u0111\u1ec3 ch\u1ee9ng minh r\u1eb1ng b\u1ea1n \u0111\u00e3 \u0111\u1ecdc h\u1ebft ph\u1ea7n n\u00e0y: EHC{toi_da_hieu}","max_attempts":0,"value":10,"category":"Introduction","type":"standard","state":"visible","requirements":null,"connection_info":null,"next_id":null,"attribution":null},{"id":6,"name":"GeoGuesser1","description":"\u0110\u00e2y l\u00e0 n\u01a1i n\u00e0o (theo t\u00ean ti\u1ebfng vi\u1ec7t)? Bi\u1ebft r\u1eb1ng, \u0111\u1ecba \u0111i\u1ec3m n\u00e0y g\u1ea7n v\u1edbi tr\u01b0\u1eddng \u0111\u1ea1i h\u1ecdc fpt, l\u00e0 1 \u0111\u1ecba \u0111i\u1ec3m m\u00e0 nh\u1eefng b\u1ea1n t\u1eeb T\u00e2n X\u00e1 s\u1ebd c\u00f3 th\u1ec3 th\u1ea5y m\u1ed7i khi \u0111i qua tr\u01b0\u1eddng\r\n\r\nFlag format: EHC{t\u00ean \u0111\u1ecba \u0111i\u1ec3m}\r\n\r\nV\u00ed d\u1ee5, b\u1ea1n t\u00ecm \u0111\u01b0\u1ee3c tr\u00ean google map \u0111\u1ecba \u0111i\u1ec3m n\u00e0y c\u00f3 t\u00ean l\u00e0: **\u0110\u1ea1i h\u1ecdc FPT (FU) H\u00e0 N\u1ed9i** th\u00ec flag s\u1ebd l\u00e0 EHC{dai_hoc_fpt_ha_noi}\r\n\r\n<img src=\"https://raw.githubusercontent.com/ductohno/ctfd/refs/heads/main/TechFest2025/Geoguesser/Geoguesser1.webp\" width=\"450\" height=auto />","max_attempts":0,"value":500,"category":"GeoGuesser","type":"standard","state":"visible","requirements":null,"connection_info":null,"next_id":null,"attribution":null},{"id":7,"name":"Why??????","description":"Nam, h\u1ecdc sinh l\u1edbp 11 tr\u01b0\u1eddng trung h\u1ecdc ph\u1ed5 th\u00f4ng Y\u00ean H\u00f2a, l\u00e0 1 ng\u01b0\u1eddi ch\u01a1i game arknight k\u00ec c\u1ef1u, \u0111\u01b0\u1ee3c bi\u1ebft \u0111\u1ebfn tr\u00ean **X** v\u1edbi bi\u1ec7t danh **sakana_120308**. V\u00e0o 1 ng\u00e0y \u0111\u1eb9p tr\u1eddi n\u1ecd, t\u00e0i kho\u1ea3n facebook c\u1ee7a c\u1eadu \u1ea5y \u0111\u1ed9t nhi\u00ean c\u00f3 th\u00f4ng b\u00e1o v\u1ec1 vi\u1ec7c \u0111\u0103ng nh\u1eadp tr\u00e1i ph\u00e9p \u1edf 1 n\u01a1i m\u00e0 Nam kh\u00f4ng h\u1ec1 bi\u1ebft. V\u1eady th\u00ec m\u1eadt kh\u1ea9u v\u00e0 t\u00e0i kho\u1ea3n facebook c\u1ee7a Nam b\u1ecb l\u1ed9 ra t\u1eeb l\u00fac n\u00e0o. B\u1ea1n h\u00e3y gi\u00fap Nam t\u00ecm ki\u1ebfm c\u00e2u tr\u1ea3 l\u1eddi nh\u00e9.\r\n\r\nFlag format: EHC{t\u00e0i kho\u1ea3n_m\u1eadt kh\u1ea9u}\r\nV\u00ed d\u1ee5: N\u1ebfu b\u1ea1n t\u00ecm \u0111\u01b0\u1ee3c t\u00e0i kho\u1ea3n l\u00e0 0263555555, v\u00e0 m\u1eadt kh\u1ea9u l\u00e0 ehcmaidinh, th\u00ec flag s\u1ebd l\u00e0 EHC{0263555555_ehcmaidinh}\r\n\r\nP/s: T\u00e0i kho\u1ea3n d\u00f9ng \u0111\u1ec3 \u0111\u0103ng nh\u1eadp facebook l\u00e0 gmail ho\u1eb7c s\u1ed1 \u0111i\u1ec7n tho\u1ea1i\r\n","max_attempts":0,"value":1000,"category":"Social Media","type":"standard","state":"visible","requirements":null,"connection_info":null,"next_id":null,"attribution":null},{"id":8,"name":"GeoGuesser2","description":"Sau 1 tu\u1ea7n h\u1ecdc c\u0103ng th\u1eb3ng \u1edf fpt, ch\u00fang m\u00ecnh \u0111\u00e3 r\u1ee7 nhau \u0111i \u0111\u00e1nh pickleball \u0111\u1ec3 gi\u1ea3i t\u1ecfa c\u0103ng th\u1eb3ng. B\u1ecdn m\u00ecnh \u0111\u00e3 ch\u1ee5p l\u1ea1i 1 b\u1ee9c \u1ea3nh \u0111\u1ec3 l\u01b0u ni\u1ec7m n\u00e8. \u0110\u1ed1 c\u00e1c b\u1ea1n bi\u1ebft \u0111\u1ecba ch\u1ec9 s\u00e2n pickleball b\u1ecdn m\u00ecnh \u0111\u00e3 \u0111\u00e1nh tr\u00ean google map l\u00e0 g\u00ec.\r\n\r\nFlag format: EHC{\u0111\u1ecba ch\u1ec9}\r\n\r\nV\u00ed d\u1ee5, b\u1ea1n t\u00ecm \u0111\u01b0\u1ee3c tr\u00ean google map \u0111\u1ecba \u0111i\u1ec3m n\u00e0y c\u00f3 \u0111\u1ecba ch\u1ec9 l\u00e0: **Khu C\u00f4ng Ngh\u1ec7 Cao H\u00f2a L\u1ea1c km 29, \u0110\u1ea1i l\u1ed9 Th\u0103ng Long, H\u00e0 N\u1ed9i, Vi\u1ec7t Nam** th\u00ec flag s\u1ebd l\u00e0 EHC{Khu C\u00f4ng Ngh\u1ec7 Cao H\u00f2a L\u1ea1c_km 29_\u0110\u1ea1i l\u1ed9 Th\u0103ng Long_H\u00e0 N\u1ed9i_Vi\u1ec7t Nam}\r\n\r\n<img src=\"https://raw.githubusercontent.com/ductohno/ctfd/refs/heads/main/TechFest2025/Geoguesser/Geoguesser2.jpg\" width=\"450\" height=auto />","max_attempts":0,"value":500,"category":"GeoGuesser","type":"standard","state":"visible","requirements":null,"connection_info":null,"next_id":null,"attribution":null}],"meta":{}}