{"count":7,"results":[{"id":1,"challenge_id":1,"type":"static","content":"EHC{toa_gamma}","data":""},{"id":2,"challenge_id":3,"type":"static","content":"EHC{the_thinker}","data":""},{"id":3,"challenge_id":4,"type":"static","content":"EHC{21-06-2025_22-06-2025}","data":""},{"id":4,"challenge_id":5,"type":"static","content":"EHC{toi_da_hieu}","data":""},{"id":5,"challenge_id":6,"type":"static","content":"EHC{trung_tam_doi_moi_sang_tao_quoc_gia_hoa_lac}","data":""},{"id":6,"challenge_id":7,"type":"static","content":"EHC{namnguyen@gmail.com_lovelinhalot}","data":""},{"id":7,"challenge_id":8,"type":"static","content":"EHC{8 c\u1ee5m 1_th\u00f4n 3_Th\u1ea1ch Th\u1ea5t_H\u00e0 N\u1ed9i_Vi\u1ec7t Nam}","data":""}],"meta":{}}